,srcport,dstport,payload_size,shannon,bien,tbien
count,2511.0,2511.0,2511.0,2511.0,2511.0,2511.0
mean,1151.0,8088.0,32.0,0.5972000983605474,0.6371672246424753,0.9818093762954387
std,0.0,0.0,0.0,0.016960969846246465,0.3325101693260673,0.006690793873465781
min,1151.0,8088.0,32.0,0.5283003022210714,0.0001192058563633,0.9275900540406988
25%,1151.0,8088.0,32.0,0.5866686540748928,0.4513979076178172,0.9792208754559037
50%,1151.0,8088.0,32.0,0.5984946210814442,0.9175258906289006,0.9833627222977732
75%,1151.0,8088.0,32.0,0.6096189379090254,0.948696629764732,0.9865308941881802
max,1151.0,8088.0,32.0,0.6441531174112131,0.9534784679605068,0.991694301674414
