,srcport,dstport,payload_size,shannon,bien,tbien
count,227.0,227.0,227.0,227.0,227.0,227.0
mean,80.0,1055.942731277533,713.193832599119,0.38363729771516347,0.6917356196574826,0.972368651583132
std,0.0,14.169369854183245,641.9107796168744,0.09771998979979848,0.15279080684599333,0.02599924566495715
min,80.0,1031.0,5.0,0.2474374409708833,0.1202735864672274,0.860083077972296
25%,80.0,1051.0,64.0,0.29620374185509896,0.6037152685863133,0.9750490687970272
50%,80.0,1053.0,433.0,0.3459130116913433,0.6711607105026804,0.9782435427186122
75%,80.0,1067.5,1460.0,0.476424413787213,0.7226328169797954,0.9826454801643596
max,80.0,1078.0,1460.0,0.5462530443814387,0.9531862077708618,0.9857176168893051
