,srcport,dstport,payload_size,shannon,bien,tbien
count,717.0,717.0,717.0,717.0,717.0,717.0
mean,57926.092050209205,53.0,47.08926080892608,0.7009122651120582,0.609995647128066,0.9383713551202192
std,4741.285906521653,0.0,8.96721895537382,0.05561220068020776,0.3391483526053664,0.02637052495539521
min,49169.0,53.0,32.0,0.5271146483360875,0.0037662713981754,0.8127875728808115
25%,54000.0,53.0,41.0,0.6639097655573916,0.2443982543025881,0.925985786484104
50%,57862.0,53.0,46.0,0.7069548827786958,0.4756505695915397,0.9443650112970045
75%,62271.0,53.0,50.0,0.7382048827786958,0.948545314927722,0.958212150014606
max,65478.0,53.0,103.0,0.84375,0.953474407156062,0.9772056713431236
